id,created_utc,title,selftext,full_link,score,comments
k1blse,1606379691,Anyone else getting this?,,https://www.reddit.com/r/ethereum/comments/k1blse/anyone_else_getting_this/,1,4
k1bvn1,1606381079,0xPoland posted the last clue (7eth still in the contract),,https://www.reddit.com/r/ethereum/comments/k1bvn1/0xpoland_posted_the_last_clue_7eth_still_in_the/,1,14
k1c177,1606381833,Fees,[removed],https://www.reddit.com/r/ethereum/comments/k1c177/fees/,1,4
k1c3ty,1606382202,"Golden Gate, a trustless bridge between two Ethereum-like chains, with a mechanism for general state synchronization (preview)",,https://www.reddit.com/r/ethereum/comments/k1c3ty/golden_gate_a_trustless_bridge_between_two/,1,0
k1c83o,1606382800,Eth2 Mainnet Staking Guides - Lighthouse and Nimbus,"Fellow stakers, I'm pleased to share that I have completed 2 of 4 mainnet guides - Lighthouse and Nimbus.\n\n[Links to the guides](https://github.com/SomerEsat/ethereum-staking-guide)\n\nA few things to note:\n- Prysm and Teku guides will be ready tomorrow.\n- These guides are not final. There is more work to be done.\n- Metrics are not included (yet) due to a few unresolved security issues.",https://www.reddit.com/r/ethereum/comments/k1c83o/eth2_mainnet_staking_guides_lighthouse_and_nimbus/,1,0
k1ci7h,1606384286,Lido's liquid staking contracts live on Ethereum testnet,,https://www.reddit.com/r/ethereum/comments/k1ci7h/lidos_liquid_staking_contracts_live_on_ethereum/,1,0
k1czrd,1606386805,Online casinos,[removed],https://www.reddit.com/r/ethereum/comments/k1czrd/online_casinos/,1,0
k1d7l4,1606387885,updated list layer 2,[removed],https://www.reddit.com/r/ethereum/comments/k1d7l4/updated_list_layer_2/,1,0
k1drw6,1606390635,CryptoEmporium,[removed],https://www.reddit.com/r/ethereum/comments/k1drw6/cryptoemporium/,1,0
k1ecai,1606393340,Announcing the next major ERC20 project to blast off on the TrustSwap Launchpad,,https://www.reddit.com/r/ethereum/comments/k1ecai/announcing_the_next_major_erc20_project_to_blast/,1,1
k1erur,1606395370,Been in the crypto space since 2013. Now I have finally decided to use ETH for my own interest. Rate my project!,,https://www.reddit.com/r/ethereum/comments/k1erur/been_in_the_crypto_space_since_2013_now_i_have/,1,44
k1f3tr,1606396804,Staking ETH lower than 32ETH,[removed],https://www.reddit.com/r/ethereum/comments/k1f3tr/staking_eth_lower_than_32eth/,1,0
k1fahp,1606397601,Paypal Is Buying Quadruple The Newly Available Supply Of Mined ETH Daily,,https://www.reddit.com/r/ethereum/comments/k1fahp/paypal_is_buying_quadruple_the_newly_available/,1,0
k1fb4g,1606397676,Staking Rewards Report #9,,https://www.reddit.com/r/ethereum/comments/k1fb4g/staking_rewards_report_9/,1,2
k1fmh6,1606398982,A tokenization framework is used to tokenize properties.,"A tokenization framework is used to tokenize properties. It matches driven investors with businesses that are innovative and confirmed. Tokenization is the method of representing conventional properties on a blockchain network such as immovables, shares, and private equities. Follow their social media to learn about the recent updates. [https://twitter.com/TokenizerDeFi](https://twitter.com/TokenizerDeFi)",https://www.reddit.com/r/ethereum/comments/k1fmh6/a_tokenization_framework_is_used_to_tokenize/,1,1
k1fnqy,1606399127,Chainlink and LINK Explained for Beginners in 6 Minutes | ULTIMATE GUIDE TO CHAINLINK,,https://www.reddit.com/r/ethereum/comments/k1fnqy/chainlink_and_link_explained_for_beginners_in_6/,1,0
k1fo45,1606399168,I have created a video on Chainlink,[removed],https://www.reddit.com/r/ethereum/comments/k1fo45/i_have_created_a_video_on_chainlink/,1,0
k1gqr0,1606403227,"Amount of Bitcoin wrapped on Ethereum is ATH. Like it or not, the free market is deciding how Bitcoin is going to scale &amp; it's picking Ethereum as BTC's scaling solution. This still doesn't resolve high fees &amp; congestion on the base layer of BTC though. It's a workaround.",,https://www.reddit.com/r/ethereum/comments/k1gqr0/amount_of_bitcoin_wrapped_on_ethereum_is_ath_like/,1,0
k1havw,1606405147,Pray for me,,https://www.reddit.com/r/ethereum/comments/k1havw/pray_for_me/,1,32
k1i0qd,1606407545,Can you stake with less than 32ETH?,[removed],https://www.reddit.com/r/ethereum/comments/k1i0qd/can_you_stake_with_less_than_32eth/,1,0
k1ish8,1606409932,Transaction fees are killing me,[removed],https://www.reddit.com/r/ethereum/comments/k1ish8/transaction_fees_are_killing_me/,1,0
k1iy2v,1606410364,Ethereum Foundation Gives Out $2.4M in Grants to Boost Ecosystem,,https://www.reddit.com/r/ethereum/comments/k1iy2v/ethereum_foundation_gives_out_24m_in_grants_to/,1,0
k1j2cb,1606410712,Fidelity ready to offer Ethereum - announced by Christine Sandler,,https://www.reddit.com/r/ethereum/comments/k1j2cb/fidelity_ready_to_offer_ethereum_announced_by/,1,0
k1jzrl,1606413547,Ethereum 2.0: Less is more... and more is coming - Next Event Ideas,,https://www.reddit.com/r/ethereum/comments/k1jzrl/ethereum_20_less_is_more_and_more_is_coming_next/,1,0
k1kfzg,1606414903,The Future we Choose,,https://www.reddit.com/r/ethereum/comments/k1kfzg/the_future_we_choose/,1,0
k1kg3q,1606414914,Buy the dip,,https://www.reddit.com/r/ethereum/comments/k1kg3q/buy_the_dip/,1,0
k1km3o,1606415439,WidCoin Cryptocurrency,,https://www.reddit.com/r/ethereum/comments/k1km3o/widcoin_cryptocurrency/,1,0
k1knav,1606415544,WidCoin CryptoCurrency,[removed],https://www.reddit.com/r/ethereum/comments/k1knav/widcoin_cryptocurrency/,1,0
k1kp1p,1606415702,Decentralising the Cryptocurrency Derivatives Market,,https://www.reddit.com/r/ethereum/comments/k1kp1p/decentralising_the_cryptocurrency_derivatives/,1,0
k1kx2g,1606416407,is test net up and running ?,[removed],https://www.reddit.com/r/ethereum/comments/k1kx2g/is_test_net_up_and_running/,1,0
k1kzdy,1606416623,"Hey guys, can I get your opinion on this project?",,https://www.reddit.com/r/ethereum/comments/k1kzdy/hey_guys_can_i_get_your_opinion_on_this_project/,1,4
k1kzfg,1606416626,Macro Forces For and Against ETH Price?,[removed],https://www.reddit.com/r/ethereum/comments/k1kzfg/macro_forces_for_and_against_eth_price/,1,0
k1lahn,1606417611,Looking for a good introduction to Ethereum,"I'm delving into all things cryptocurrency, and found that Kalle Rosenbaum's \*Grokking Bitcoin\* hit just the right spot for me to get a good handle on Bitcoin.\n\nBut I'm also interested in learning about Ethereum; is there a book similar to \*Grokking Bitcoin\* that would help me better understand Ethereum?\n\nAny and all suggestions are welcome!",https://www.reddit.com/r/ethereum/comments/k1lahn/looking_for_a_good_introduction_to_ethereum/,1,15
k1lbn6,1606417711,"üî• Smart Contract Security Newsletter #47 üî• - This week: Token Interaction checklist, Ethereum accidental fork, Flashloans are here to stay, return of reentrancy attacks, and more.",,https://www.reddit.com/r/ethereum/comments/k1lbn6/smart_contract_security_newsletter_47_this_week/,1,0
k1ludx,1606419508,How To Debug Metamask Errors? (DISCLAIMER: NO FOX WAS HARMED DURING SHOOTING OF THIS VIDEO),,https://www.reddit.com/r/ethereum/comments/k1ludx/how_to_debug_metamask_errors_disclaimer_no_fox/,1,0
k1m5hg,1606420559,"After 1 year of activity, Idle launches Governance merging UNI and COMP features",,https://www.reddit.com/r/ethereum/comments/k1m5hg/after_1_year_of_activity_idle_launches_governance/,1,0
k1mjf5,1606421859,New in OpenZeppelin Defender ‚ùé xDai support üîö JSON RPC endpoint üìá Improved address input + see what is coming up...,,https://www.reddit.com/r/ethereum/comments/k1mjf5/new_in_openzeppelin_defender_xdai_support_json/,1,0
k1n0o3,1606423476,ZKSwap Community Give-Back Coming Tomorrow! One Million ZKS to Testnet Users,,https://www.reddit.com/r/ethereum/comments/k1n0o3/zkswap_community_giveback_coming_tomorrow_one/,1,0
k1n1a6,1606423537,ZKSwap Community Give-Back Coming Tomorrow! ZKS to Testnet Users,,https://www.reddit.com/r/ethereum/comments/k1n1a6/zkswap_community_giveback_coming_tomorrow_zks_to/,1,0
k1o0op,1606426957,I am a sculptor and photographer and I am interested in trying my hand at making NFT art.,"I am a sculptor and photographer and I am interested in trying my hand at making NFT art. Can anyone point me in the right direction on how to get started assuming I know quite a bit about blockchain but nothing about actually making art for/on the blockchain? What are the best programs to use for audio, video and stills? Is there on best program? Any help appreciated.",https://www.reddit.com/r/ethereum/comments/k1o0op/i_am_a_sculptor_and_photographer_and_i_am/,1,5
k1o12n,1606426992,Recommended Ethereum Wallet?,[removed],https://www.reddit.com/r/ethereum/comments/k1o12n/recommended_ethereum_wallet/,1,8
k1o43u,1606427271,I just found 7.5 Ether in an old account I forgot I had,"Happy Thanksgiving to me. For years I've read about people finding crypto they forgot they had, never thought it would be me!",https://www.reddit.com/r/ethereum/comments/k1o43u/i_just_found_75_ether_in_an_old_account_i_forgot/,1,133
k1oksq,1606428819,Eth2 Mainnet Staking Guide - Teku,"Fellow stakers, I'm pleased to share that I have completed 3 of 4 mainnet guides - Lighthouse, Nimbus and Teku.\n\n[Links to the guides](https://someresat.medium.com/guide-to-staking-on-ethereum-2-0-ubuntu-teku-e4247e7c75a1?sk=6d63b55ebe821bd18788c99fa81e437c)\n\nA few things to note: * Prysm ready later today. * These guides are not final. There is more work to be done. * Metrics are not included (yet) due to a few unresolved security issues.",https://www.reddit.com/r/ethereum/comments/k1oksq/eth2_mainnet_staking_guide_teku/,1,0
k1orxl,1606429484,Etherium 2.0 Learning,I am very knew to Etherium I am a complete beginner and I want to know more about ETH 2.0 I have been trying to understand it by watching YouTube videos but I am getting really confused my whole goal is to make some income with it. Can you provide some resources where I can learn about it so sooner or later I can make smart decisions. I am a very complete beginner,https://www.reddit.com/r/ethereum/comments/k1orxl/etherium_20_learning/,1,9
k1psro,1606433128,Mine crypto from your phone! Pi Coin,[removed],https://www.reddit.com/r/ethereum/comments/k1psro/mine_crypto_from_your_phone_pi_coin/,1,0
k1pzm3,1606433809,bot on telegram,[removed],https://www.reddit.com/r/ethereum/comments/k1pzm3/bot_on_telegram/,1,0
k1qefh,1606435352,"Hello everyone, How do I find out current ETH inflation rate? Thank you :)",[removed],https://www.reddit.com/r/ethereum/comments/k1qefh/hello_everyone_how_do_i_find_out_current_eth/,1,0
k1sb2c,1606442899,Tokamak Network ‚Äì The First On-Demand Layer 2 Aggregator to Debut | Coinspeaker,,https://www.reddit.com/r/ethereum/comments/k1sb2c/tokamak_network_the_first_ondemand_layer_2/,1,0
k1sx4v,1606445368,Browse smart contracts,[removed],https://www.reddit.com/r/ethereum/comments/k1sx4v/browse_smart_contracts/,1,0
k1t7ir,1606446544,What happens to ETH when Eth 2.0 goes live?,[removed],https://www.reddit.com/r/ethereum/comments/k1t7ir/what_happens_to_eth_when_eth_20_goes_live/,1,0
